{"preprocessed_6.0E+09.json1": {"mean_acc": 0.9931426365860114, "mean_f1": 0.9666524109705819, "mean_prec": 0.9620099107020806, "mean_rec": 0.9725488525214653, "mean_f1_w": 0.9931865138625973, "mean_prec_w": 0.9933642561066852, "mean_rec_w": 0.9931426365860114, "mean_f1_micro": 0.9931426365860114, "mean_prec_micro": 0.9931426365860114, "mean_rec_micro": 0.9931426365860114, "max_acc": 0.9971735443753533, "max_f1": 0.9826778124478344, "max_prec": 0.9842070591498508, "max_rec": 0.9885603073501162, "max_f1_w": 0.997183597440711, "max_prec_w": 0.9971978190322811, "max_rec_w": 0.9971735443753533, "max_f1_micro": 0.9971735443753533, "max_prec_micro": 0.9971735443753533, "max_rec_micro": 0.9971735443753533}, "preprocessed_5.0E+09.json1": {"mean_acc": 0.7477695153156756, "mean_f1": 0.5359492855053711, "mean_prec": 0.5549384581270924, "mean_rec": 0.5386639273353919, "mean_f1_w": 0.733254402049705, "mean_prec_w": 0.7327749760534603, "mean_rec_w": 0.7477695153156756, "mean_f1_micro": 0.7477695153156756, "mean_prec_micro": 0.7477695153156756, "mean_rec_micro": 0.7477695153156756, "max_acc": 0.8098048116205174, "max_f1": 0.5777619365220333, "max_prec": 0.5938718821709209, "max_rec": 0.5952777132259107, "max_f1_w": 0.8028848086281481, "max_prec_w": 0.8012555137310428, "max_rec_w": 0.8098048116205174, "max_f1_micro": 0.8098048116205174, "max_prec_micro": 0.8098048116205174, "max_rec_micro": 0.8098048116205174}, "preprocessed_2.5E+09.json1": {"mean_acc": 0.7598516125642488, "mean_f1": 0.5653979339799667, "mean_prec": 0.6339842396221724, "mean_rec": 0.5521308217589656, "mean_f1_w": 0.7408322616456541, "mean_prec_w": 0.7456575604651412, "mean_rec_w": 0.7598516125642488, "mean_f1_micro": 0.7598516125642488, "mean_prec_micro": 0.7598516125642488, "mean_rec_micro": 0.7598516125642488, "max_acc": 0.8080046403712297, "max_f1": 0.5965514235151723, "max_prec": 0.6789429089650403, "max_rec": 0.5851677874814349, "max_f1_w": 0.7913613949391014, "max_prec_w": 0.8002932035136159, "max_rec_w": 0.8080046403712297, "max_f1_micro": 0.8080046403712297, "max_prec_micro": 0.8080046403712297, "max_rec_micro": 0.8080046403712297}, "preprocessed_2.5E+09.json2": {"mean_acc": 0.8122728254092897, "mean_f1": 0.6621334025007657, "mean_prec": 0.6956975145718767, "mean_rec": 0.6498685248235511, "mean_f1_w": 0.802236358915869, "mean_prec_w": 0.805945323841678, "mean_rec_w": 0.8122728254092897, "mean_f1_micro": 0.8122728254092897, "mean_prec_micro": 0.8122728254092897, "mean_rec_micro": 0.8122728254092897, "max_acc": 0.8591549295774648, "max_f1": 0.6914072934099752, "max_prec": 0.7267353644627454, "max_rec": 0.6854341421086255, "max_f1_w": 0.8485125919127269, "max_prec_w": 0.8481055171862859, "max_rec_w": 0.8591549295774648, "max_f1_micro": 0.8591549295774648, "max_prec_micro": 0.8591549295774648, "max_rec_micro": 0.8591549295774648}, "preprocessed_1.0E+09.json1": {"mean_acc": 0.7501721111419977, "mean_f1": 0.4429360597356967, "mean_prec": 0.501585223780445, "mean_rec": 0.42441245096410674, "mean_f1_w": 0.7211735770174745, "mean_prec_w": 0.7170732762697615, "mean_rec_w": 0.7501721111419977, "mean_f1_micro": 0.7501721111419977, "mean_prec_micro": 0.7501721111419977, "mean_rec_micro": 0.7501721111419977, "max_acc": 0.804301794271704, "max_f1": 0.4685405146331793, "max_prec": 0.5403624591865196, "max_rec": 0.4541968454736919, "max_f1_w": 0.7710484805142355, "max_prec_w": 0.7645990823862246, "max_rec_w": 0.804301794271704, "max_f1_micro": 0.804301794271704, "max_prec_micro": 0.804301794271704, "max_rec_micro": 0.804301794271704}, "preprocessed_1.0E+09.json2": {"mean_acc": 0.7821208919058852, "mean_f1": 0.547655415239436, "mean_prec": 0.6112108635489548, "mean_rec": 0.5237924361299522, "mean_f1_w": 0.7659091221710951, "mean_prec_w": 0.767063263727961, "mean_rec_w": 0.7821208919058852, "mean_f1_micro": 0.7821208919058852, "mean_prec_micro": 0.7821208919058852, "mean_rec_micro": 0.7821208919058852, "max_acc": 0.8523110386079391, "max_f1": 0.5813335823927441, "max_prec": 0.6631763000260001, "max_rec": 0.5623392519850379, "max_f1_w": 0.8324830819429037, "max_prec_w": 0.8286701728564302, "max_rec_w": 0.8523110386079391, "max_f1_micro": 0.8523110386079391, "max_prec_micro": 0.8523110386079391, "max_rec_micro": 0.8523110386079391}, "preprocessed_1.0E+09.json4": {"mean_acc": 0.8309967702084311, "mean_f1": 0.6378081455473235, "mean_prec": 0.6787483096827517, "mean_rec": 0.6229369566220002, "mean_f1_w": 0.8208982290422469, "mean_prec_w": 0.8222917692876995, "mean_rec_w": 0.8309967702084311, "mean_f1_micro": 0.8309967702084311, "mean_prec_micro": 0.8309967702084311, "mean_rec_micro": 0.8309967702084311, "max_acc": 0.8961368653421633, "max_f1": 0.6916160527924204, "max_prec": 0.7542482539758074, "max_rec": 0.6655801299720397, "max_f1_w": 0.8867436587579638, "max_prec_w": 0.8875382231300983, "max_rec_w": 0.8961368653421633, "max_f1_micro": 0.8961368653421633, "max_prec_micro": 0.8961368653421633, "max_rec_micro": 0.8961368653421633}}